order_id,product_id,product_name,category,price,quantity,order_date,customer_id,customer_location
1,103,Camera,Appliances,795.92,6,2023-02-08 14:46:00,1458,Nottingham
2,106,Tablet,Accessories,656.43,8,2023-01-30 00:50:00,1343,Bristol
3,109,Keyboard,Appliances,22.6,7,2023-06-30 05:15:00,1058,Oxford
4,103,Camera,Electronics,117.72,8,2023-11-11 15:26:00,1130,Liverpool
5,107,Headphones,Appliances,1182.65,3,2023-06-25 11:55:00,1034,London
6,106,Smartphone,Accessories,541.04,4,2023-11-16 18:53:00,1771,Bristol
7,107,Printer,Accessories,84.81,1,2023-12-06 07:19:00,1295,Liverpool
8,109,Printer,Electronics,771.53,2,2023-08-31 19:51:00,1014,London
9,103,Keyboard,Appliances,50.57,1,2023-04-06 04:10:00,1418,London
10,109,Headphones,Accessories,1271.8,3,2023-07-18 06:46:00,1032,Sheffield
11,103,Keyboard,Appliances,624.63,6,2023-01-18 12:58:00,1612,Birmingham
12,103,Camera,Electronics,1535.71,7,2023-03-25 06:16:00,1563,Leeds
13,107,Laptop,Accessories,1771.43,7,2023-04-26 00:19:00,1795,Manchester
14,106,Monitor,Accessories,1230.55,3,2023-03-18 13:56:00,1957,Oxford
15,109,Monitor,Electronics,257.97,4,2023-11-13 04:29:00,1744,Birmingham
16,103,Headphones,Appliances,33.8,5,2023-06-09 05:36:00,1826,Bristol
17,104,Camera,Accessories,455.79,3,2023-01-28 19:53:00,1386,London
18,102,Smartphone,Appliances,328.8,4,2023-06-06 22:41:00,1996,London
19,107,Monitor,Appliances,1299.07,1,2023-12-01 07:11:00,1202,Nottingham
20,105,Monitor,Accessories,501.72,7,2023-11-17 16:39:00,1197,Bristol
21,103,Monitor,Appliances,1036.55,4,2023-02-06 09:03:00,1931,Birmingham
22,107,Monitor,Electronics,1472.28,6,2023-04-10 10:43:00,1928,Nottingham
23,107,Laptop,Appliances,820.05,4,2023-09-18 17:05:00,1763,Oxford
24,102,Keyboard,Accessories,1967.96,3,2023-09-17 22:56:00,1651,Liverpool
25,101,Headphones,Appliances,1826.82,2,2023-09-28 02:15:00,1624,Nottingham
26,103,Printer,Appliances,1601.59,2,2023-12-26 01:49:00,1152,Manchester
27,104,Keyboard,Accessories,340.05,7,2023-03-05 04:32:00,1276,Leeds
28,103,Smartphone,Appliances,763.81,7,2023-06-28 18:07:00,1021,Bristol
29,101,Tablet,Electronics,1955.61,4,2023-09-08 12:32:00,1815,Birmingham
30,105,Smartphone,Appliances,1183.52,6,2023-11-21 18:40:00,1891,Leicester
31,101,Monitor,Appliances,1874.8,9,2023-11-16 13:31:00,1252,Liverpool
32,102,Printer,Accessories,388.79,8,2023-06-26 22:39:00,1734,Bristol
33,107,Mouse,Appliances,1407.93,5,2023-07-10 05:57:00,1154,Oxford
34,106,Camera,Electronics,1799.51,3,2023-10-01 10:02:00,1681,Sheffield
35,109,Monitor,Electronics,830.42,3,2023-06-23 05:10:00,1019,London
36,103,Camera,Appliances,158.81,5,2023-12-03 19:39:00,1091,Manchester
37,106,Keyboard,Accessories,207.7,4,2023-07-18 07:01:00,1837,Bristol
38,105,Camera,Accessories,1064.64,3,2023-06-25 02:51:00,1876,Leeds
39,107,Tablet,Accessories,851.13,4,2023-01-21 02:51:00,1116,Sheffield
40,101,Mouse,Accessories,884.43,4,2023-09-21 08:16:00,1117,Leicester
41,103,Tablet,Accessories,1297.98,9,2023-11-21 17:22:00,1696,Liverpool
42,104,Tablet,Accessories,202.54,7,2023-02-25 05:01:00,1473,Liverpool
43,104,Mouse,Appliances,926.18,1,2023-09-08 16:20:00,1905,Oxford
44,105,Monitor,Appliances,1868.4,2,2023-07-31 16:39:00,1257,London
45,101,Laptop,Appliances,1760.75,6,2023-09-04 05:04:00,1612,Birmingham
46,102,Laptop,Accessories,1669.36,7,2023-04-16 22:36:00,1034,Sheffield
47,105,Mouse,Electronics,158.04,3,2023-01-03 18:27:00,1074,Nottingham
48,104,Tablet,Electronics,1520.22,6,2023-06-06 01:12:00,1919,Birmingham
49,105,Keyboard,Appliances,1963.89,7,2023-10-06 16:13:00,1524,Sheffield
50,109,Smartphone,Electronics,1453.91,3,2023-05-05 03:11:00,1698,Birmingham
51,103,Tablet,Electronics,751.95,5,2023-10-24 00:03:00,1098,Leicester
52,109,Camera,Electronics,1084.26,4,2023-08-13 14:30:00,1692,Oxford
53,101,Smartphone,Appliances,2045.67,8,2023-05-05 22:48:00,1173,Nottingham
54,105,Tablet,Accessories,169.35,5,2023-12-26 17:53:00,1338,Nottingham
55,106,Camera,Appliances,751.21,3,2023-05-22 14:36:00,1713,Oxford
56,102,Monitor,Electronics,669.48,4,2023-03-02 08:28:00,1894,Leicester
57,109,Headphones,Electronics,1520.58,3,2023-07-22 00:00:00,1933,Liverpool
58,105,Smartphone,Electronics,1833.16,2,2023-10-17 07:56:00,1202,Liverpool
59,106,Smartphone,Appliances,531.1,3,2023-12-15 11:48:00,1655,Sheffield
60,108,Smartphone,Electronics,107.57,3,2023-01-09 03:43:00,1007,Oxford
61,105,Printer,Appliances,391.06,7,2023-10-20 13:31:00,1501,London
62,103,Smartphone,Accessories,568.84,1,2023-02-28 00:44:00,1882,Liverpool
63,105,Printer,Accessories,1224.47,7,2023-03-20 20:16:00,1826,London
64,101,Tablet,Appliances,1674.63,4,2023-03-15 19:30:00,1517,London
65,105,Laptop,Electronics,1104.95,5,2023-05-20 13:24:00,1084,Leicester
66,101,Headphones,Accessories,288.26,6,2023-05-21 04:32:00,1347,Nottingham
67,109,Keyboard,Appliances,63.91,7,2023-03-29 22:37:00,1302,Sheffield
68,103,Camera,Accessories,1533.4,4,2023-12-04 14:50:00,1703,Manchester
69,102,Monitor,Electronics,720.58,2,2023-11-13 13:02:00,1165,London
70,103,Keyboard,Electronics,1555.37,1,2023-02-19 09:10:00,1796,Leeds
71,103,Printer,Appliances,961.3,5,2023-01-05 08:49:00,1182,Bristol
72,103,Laptop,Appliances,1356.55,4,2023-05-01 03:52:00,1092,Manchester
73,106,Tablet,Accessories,1178.37,3,2023-01-26 23:08:00,1512,Liverpool
74,101,Printer,Accessories,904.96,7,2023-02-06 10:25:00,1248,Leicester
75,104,Keyboard,Electronics,1383.42,4,2023-03-08 15:37:00,1866,Leeds
76,107,Headphones,Accessories,428.88,2,2023-04-08 13:49:00,1364,Oxford
77,102,Smartphone,Appliances,90.34,6,2023-11-09 05:14:00,1882,Leicester
78,109,Keyboard,Appliances,1433.04,5,2023-01-02 05:42:00,1085,Oxford
79,109,Mouse,Appliances,1051.15,4,2023-11-21 19:30:00,1227,Bristol
80,103,Printer,Electronics,1210.96,1,2023-02-26 22:24:00,1517,Leeds
81,106,Camera,Accessories,1308.11,2,2023-03-23 08:21:00,1842,Nottingham
82,108,Tablet,Appliances,1720.22,6,2023-10-18 19:14:00,1005,Manchester
83,109,Mouse,Appliances,1208.91,8,2023-07-01 12:29:00,1714,Nottingham
84,106,Monitor,Appliances,996.34,4,2023-04-07 00:21:00,1723,London
85,104,Laptop,Electronics,1482.18,6,2023-01-02 19:57:00,1901,Manchester
86,102,Headphones,Accessories,923.92,6,2023-10-08 10:01:00,1595,London
87,101,Tablet,Accessories,280.21,4,2023-10-26 17:54:00,1955,Manchester
88,102,Laptop,Appliances,272.25,2,2023-11-19 17:28:00,1512,Nottingham
89,103,Tablet,Electronics,1383.29,6,2023-02-11 04:36:00,1004,Birmingham
90,109,Mouse,Appliances,1340.17,5,2023-04-14 07:36:00,1615,Birmingham
91,102,Tablet,Appliances,1260.72,8,2023-11-02 04:54:00,1038,Birmingham
92,108,Monitor,Appliances,859.81,1,2023-08-29 06:26:00,1622,London
93,107,Keyboard,Accessories,1118.65,4,2023-01-23 19:54:00,1195,Bristol
94,106,Smartphone,Electronics,1432.98,5,2023-05-02 23:44:00,1158,Leeds
95,104,Mouse,Appliances,934.48,11,2023-03-30 01:48:00,1094,Birmingham
96,105,Monitor,Appliances,1399.97,5,2023-09-27 03:38:00,1253,Oxford
97,108,Mouse,Electronics,679.16,1,2023-04-04 05:15:00,1992,Nottingham
98,104,Tablet,Electronics,1822.29,3,2023-05-28 16:31:00,1839,Oxford
99,106,Camera,Electronics,1527.64,3,2023-05-05 12:35:00,1000,Bristol
100,109,Tablet,Electronics,1056.86,4,2023-08-18 22:28:00,1201,Leeds
101,102,Camera,Accessories,1596.21,4,2023-11-21 14:45:00,1474,Manchester
102,103,Smartphone,Electronics,1854.55,3,2023-05-21 11:39:00,1966,Leeds
103,105,Keyboard,Appliances,884.71,7,2023-04-13 19:13:00,1848,Leeds
104,108,Keyboard,Appliances,934.12,1,2023-04-19 19:49:00,1768,Sheffield
105,108,Laptop,Accessories,890.97,4,2023-05-02 00:12:00,1768,Birmingham
106,101,Mouse,Accessories,919.75,1,2023-09-23 17:15:00,1677,Birmingham
107,101,Camera,Appliances,316.96,2,2023-05-09 01:15:00,1475,Manchester
108,103,Headphones,Appliances,1720.67,3,2023-05-25 16:06:00,1442,Nottingham
109,102,Laptop,Accessories,232.92,6,2023-11-25 12:07:00,1287,Nottingham
110,105,Smartphone,Electronics,1692.4,2,2023-08-09 13:55:00,1909,Sheffield
111,101,Tablet,Appliances,1707.34,1,2023-10-07 14:41:00,1745,Manchester
112,105,Tablet,Accessories,704.44,8,2023-09-21 06:27:00,1255,Leicester
113,101,Mouse,Appliances,865.37,6,2023-06-01 08:15:00,1208,Leicester
114,109,Smartphone,Accessories,1107.02,4,2023-08-13 17:58:00,1234,Leeds
115,102,Tablet,Accessories,293.2,7,2023-08-10 12:37:00,1355,Leicester
116,106,Camera,Electronics,565.68,7,2023-06-09 04:24:00,1873,Bristol
117,109,Tablet,Appliances,302.68,5,2023-05-05 01:00:00,1905,London
118,102,Smartphone,Appliances,839.24,6,2023-12-22 01:45:00,1704,Birmingham
119,107,Headphones,Appliances,204.26,6,2023-10-18 18:18:00,1309,Manchester
120,101,Monitor,Appliances,841.94,4,2023-12-02 15:35:00,1147,Birmingham
121,109,Mouse,Electronics,1144.5,10,2023-02-16 08:17:00,1072,Leicester
122,108,Printer,Appliances,709.81,4,2023-10-01 14:36:00,1802,Birmingham
123,101,Keyboard,Accessories,165.32,4,2023-06-21 02:50:00,1568,Sheffield
124,108,Tablet,Electronics,1008.69,3,2023-10-01 19:14:00,1726,Liverpool
125,109,Camera,Electronics,1439.27,4,2023-02-24 06:54:00,1918,Oxford
126,105,Camera,Electronics,1192.09,1,2023-02-01 14:53:00,1882,Nottingham
127,103,Mouse,Appliances,2029.0,7,2023-07-20 06:14:00,1489,Sheffield
128,102,Laptop,Electronics,94.17,4,2023-03-27 02:26:00,1170,Nottingham
129,106,Printer,Electronics,884.71,7,2023-08-02 11:31:00,1721,London
130,102,Camera,Appliances,1794.79,5,2023-05-28 14:37:00,1169,Manchester
131,101,Tablet,Electronics,64.44,6,2023-10-22 03:25:00,1271,Nottingham
132,107,Monitor,Electronics,552.27,5,2023-05-07 07:04:00,1576,London
133,101,Tablet,Accessories,235.27,2,2023-10-29 18:16:00,1974,Leicester
134,105,Tablet,Appliances,234.18,2,2023-12-16 01:46:00,1379,Bristol
135,107,Monitor,Appliances,2040.51,6,2023-05-06 01:12:00,1583,Leeds
136,102,Printer,Accessories,1633.66,5,2023-08-16 12:18:00,1936,London
137,101,Printer,Appliances,1977.88,6,2023-02-16 12:22:00,1019,Oxford
138,102,Mouse,Accessories,1034.16,7,2023-11-29 04:02:00,1144,Nottingham
139,105,Mouse,Appliances,1790.34,7,2023-01-25 14:21:00,1616,Nottingham
140,103,Printer,Accessories,525.66,6,2023-08-16 19:04:00,1331,Oxford
141,106,Headphones,Appliances,1648.04,3,2023-01-19 05:59:00,1900,Oxford
142,105,Keyboard,Accessories,1124.21,5,2023-10-08 10:39:00,1039,Birmingham
143,106,Headphones,Appliances,1627.71,6,2023-03-11 16:16:00,1335,Nottingham
144,109,Tablet,Accessories,488.34,8,2023-11-28 15:20:00,1355,Bristol
145,105,Camera,Appliances,409.72,4,2023-02-24 20:09:00,1081,Leeds
146,102,Keyboard,Electronics,1150.01,6,2023-04-25 11:34:00,1016,Nottingham
147,103,Camera,Accessories,541.57,7,2023-05-21 19:33:00,1232,Manchester
148,106,Monitor,Accessories,706.15,5,2023-04-21 00:52:00,1323,London
149,102,Mouse,Accessories,1578.81,3,2023-09-20 04:26:00,1703,Leeds
150,107,Keyboard,Accessories,1314.49,4,2023-07-21 08:27:00,1878,Birmingham
151,107,Monitor,Accessories,494.02,4,2023-05-29 10:30:00,1686,Leeds
152,108,Tablet,Appliances,1286.09,2,2023-11-01 09:49:00,1975,Liverpool
153,108,Mouse,Appliances,1271.13,6,2023-06-16 00:40:00,1491,Nottingham
154,105,Headphones,Appliances,325.37,4,2023-10-26 21:00:00,1026,Manchester
155,107,Keyboard,Accessories,1546.1,5,2023-08-19 07:04:00,1235,Leeds
156,101,Headphones,Electronics,845.89,6,2023-06-27 03:06:00,1273,Manchester
157,106,Printer,Appliances,979.98,7,2023-02-15 03:28:00,1213,Birmingham
158,106,Smartphone,Electronics,221.89,2,2023-09-27 22:00:00,1713,Nottingham
159,101,Monitor,Accessories,38.66,3,2023-05-03 18:36:00,1917,Sheffield
160,102,Mouse,Accessories,284.69,5,2023-02-05 19:41:00,1886,London
161,109,Mouse,Accessories,1832.52,5,2023-04-20 14:07:00,1859,Leeds
162,104,Monitor,Accessories,713.9,6,2023-04-21 00:22:00,1313,Bristol
163,102,Smartphone,Appliances,928.74,8,2023-09-18 00:26:00,1523,Leicester
164,104,Headphones,Electronics,1697.1,5,2023-04-16 10:14:00,1630,Liverpool
165,108,Printer,Appliances,1324.0,8,2023-04-28 12:04:00,1642,Oxford
166,107,Keyboard,Accessories,795.59,5,2023-12-09 01:52:00,1724,Oxford
167,108,Mouse,Electronics,1479.45,2,2023-10-28 22:59:00,1946,Leicester
168,104,Mouse,Appliances,908.47,2,2023-10-16 20:31:00,1417,Leeds
169,102,Headphones,Electronics,835.93,6,2023-06-23 17:54:00,1910,London
170,107,Mouse,Appliances,286.56,5,2023-10-17 17:35:00,1292,Liverpool
171,109,Monitor,Accessories,155.9,4,2023-07-26 21:10:00,1742,Bristol
172,102,Laptop,Electronics,1286.57,3,2023-12-25 22:03:00,1260,London
173,106,Printer,Electronics,1494.21,4,2023-02-01 13:38:00,1132,Leeds
174,106,Monitor,Electronics,1237.12,5,2023-09-16 03:20:00,1106,Liverpool
175,106,Monitor,Accessories,728.76,6,2023-08-26 20:55:00,1333,Manchester
176,101,Camera,Appliances,256.4,6,2023-04-21 13:32:00,1197,Liverpool
177,102,Headphones,Appliances,1834.71,3,2023-06-23 01:40:00,1810,Manchester
178,108,Mouse,Appliances,691.01,5,2023-04-13 05:10:00,1427,Bristol
179,108,Mouse,Electronics,282.57,7,2023-10-04 16:06:00,1128,Sheffield
180,107,Camera,Accessories,1344.15,2,2023-02-04 01:20:00,1426,Oxford
181,108,Printer,Accessories,53.28,5,2023-12-06 09:31:00,1963,London
182,105,Printer,Accessories,1262.52,5,2023-07-16 02:12:00,1957,Manchester
183,109,Monitor,Accessories,1908.53,4,2023-12-30 13:48:00,1380,Bristol
184,102,Printer,Appliances,678.71,5,2023-01-26 17:21:00,1850,London
185,109,Keyboard,Electronics,259.16,2,2023-05-26 11:46:00,1735,London
186,102,Printer,Appliances,856.27,1,2023-11-12 09:29:00,1084,Oxford
187,107,Smartphone,Accessories,1970.03,1,2023-08-22 18:34:00,1497,Liverpool
188,105,Printer,Appliances,387.57,5,2023-02-11 14:22:00,1050,Leeds
189,103,Headphones,Accessories,1842.43,4,2023-05-22 19:42:00,1419,Manchester
190,107,Camera,Electronics,850.51,3,2023-06-29 05:28:00,1158,Sheffield
191,101,Headphones,Electronics,622.39,3,2023-08-12 15:33:00,1361,Sheffield
192,109,Printer,Appliances,1285.16,4,2023-04-09 01:47:00,1009,Nottingham
193,105,Monitor,Accessories,862.18,4,2023-06-12 00:41:00,1663,Birmingham
194,103,Monitor,Accessories,1734.56,6,2023-08-17 03:45:00,1992,Sheffield
195,106,Tablet,Appliances,1142.26,6,2023-02-04 14:24:00,1418,Sheffield
196,109,Printer,Accessories,1072.91,5,2023-04-21 10:05:00,1319,Birmingham
197,107,Headphones,Accessories,1223.29,1,2023-06-09 14:24:00,1530,Leeds
198,104,Headphones,Electronics,1465.59,1,2023-08-09 05:17:00,1352,Leeds
199,101,Mouse,Electronics,392.83,3,2023-09-20 16:19:00,1427,Liverpool
200,103,Smartphone,Accessories,562.04,2,2023-12-14 08:59:00,1129,Sheffield
201,108,Smartphone,Accessories,758.84,4,2023-08-08 14:27:00,1547,Liverpool
202,107,Printer,Appliances,374.07,5,2023-01-19 06:32:00,1911,London
203,108,Smartphone,Electronics,645.32,1,2023-05-11 08:34:00,1979,Nottingham
204,106,Mouse,Appliances,1502.3,4,2023-06-01 05:09:00,1799,London
205,102,Printer,Electronics,1225.64,4,2023-12-30 16:28:00,1769,Leicester
206,107,Monitor,Accessories,1094.81,4,2023-01-27 22:27:00,1310,Bristol
207,108,Smartphone,Appliances,1839.84,5,2023-01-25 12:34:00,1847,Sheffield
208,104,Mouse,Accessories,597.14,4,2023-05-23 03:41:00,1536,Manchester
209,106,Monitor,Appliances,292.62,4,2023-06-04 21:17:00,1482,Leicester
210,105,Mouse,Electronics,1681.4,6,2023-06-20 17:27:00,1078,Leeds
211,104,Mouse,Electronics,183.27,5,2023-04-25 20:45:00,1827,Bristol
212,107,Laptop,Appliances,19.66,3,2023-02-12 13:05:00,1516,Birmingham
213,108,Printer,Appliances,388.21,8,2023-12-04 11:58:00,1082,Leicester
214,103,Camera,Electronics,290.23,4,2023-06-07 01:49:00,1259,Leeds
215,104,Smartphone,Appliances,2056.05,1,2023-12-15 02:11:00,1689,Liverpool
216,103,Camera,Appliances,1766.56,6,2023-05-08 01:48:00,1091,Bristol
217,105,Camera,Accessories,1697.27,3,2023-06-13 03:33:00,1887,Sheffield
218,102,Tablet,Electronics,1223.53,1,2023-08-12 18:17:00,1337,Liverpool
219,105,Monitor,Appliances,1917.63,5,2023-04-05 20:30:00,1628,Oxford
220,102,Headphones,Appliances,281.77,3,2023-07-28 13:51:00,1744,Leeds
221,101,Mouse,Accessories,1703.41,5,2023-05-17 09:53:00,1955,Nottingham
222,106,Headphones,Electronics,946.54,3,2023-12-20 17:59:00,1078,London
223,107,Tablet,Electronics,152.25,5,2023-02-14 21:36:00,1199,Leicester
224,105,Headphones,Accessories,1521.31,3,2023-04-14 00:03:00,1926,Leeds
225,105,Tablet,Accessories,731.98,2,2023-04-22 01:30:00,1351,Nottingham
226,101,Headphones,Electronics,518.69,6,2023-01-28 18:39:00,1328,Manchester
227,109,Camera,Accessories,1275.68,3,2023-11-11 22:16:00,1766,Manchester
228,105,Mouse,Appliances,633.33,3,2023-08-13 01:09:00,1521,London
229,106,Monitor,Accessories,1806.45,2,2023-11-24 08:01:00,1979,Liverpool
230,108,Tablet,Appliances,1357.91,1,2023-02-28 21:20:00,1121,Sheffield
231,105,Headphones,Accessories,1718.41,9,2023-12-13 19:25:00,1359,Sheffield
232,106,Printer,Accessories,360.73,6,2023-11-10 19:17:00,1859,Manchester
233,106,Tablet,Electronics,238.06,2,2023-10-22 05:15:00,1352,Nottingham
234,107,Printer,Electronics,1183.11,4,2023-01-22 03:25:00,1110,Nottingham
235,104,Headphones,Appliances,888.06,6,2023-11-27 18:24:00,1223,Oxford
236,102,Printer,Electronics,1296.97,3,2023-02-26 03:02:00,1392,Leeds
237,109,Mouse,Electronics,1094.65,5,2023-05-16 13:49:00,1376,Leeds
238,108,Laptop,Electronics,643.89,5,2023-11-08 07:17:00,1697,Leeds
239,106,Headphones,Appliances,794.27,3,2023-03-14 15:32:00,1404,Oxford
240,104,Keyboard,Appliances,1228.77,6,2023-01-25 00:08:00,1582,Leeds
241,104,Headphones,Accessories,1053.03,4,2023-07-07 03:47:00,1535,Manchester
242,103,Keyboard,Appliances,1219.08,4,2023-10-21 12:27:00,1877,Birmingham
243,104,Laptop,Electronics,133.68,6,2023-05-03 00:46:00,1739,Sheffield
244,104,Keyboard,Appliances,1437.31,6,2023-09-09 09:18:00,1475,Leicester
245,106,Camera,Electronics,1894.19,8,2023-01-22 15:27:00,1601,Liverpool
246,103,Keyboard,Accessories,379.96,2,2023-04-26 17:37:00,1253,Bristol
247,103,Laptop,Electronics,561.69,5,2023-02-28 09:29:00,1348,Liverpool
248,105,Monitor,Accessories,965.89,4,2023-10-19 02:55:00,1601,Leeds
249,109,Monitor,Electronics,123.48,5,2023-12-18 15:39:00,1547,Liverpool
250,103,Camera,Accessories,149.6,5,2023-09-12 06:46:00,1631,Oxford
251,104,Headphones,Appliances,572.95,7,2023-03-09 04:44:00,1595,Manchester
252,101,Camera,Accessories,1749.28,4,2023-01-13 08:33:00,1638,Manchester
253,109,Tablet,Accessories,1477.35,7,2023-12-11 13:59:00,1020,Manchester
254,108,Keyboard,Appliances,313.94,4,2023-03-27 18:28:00,1370,Leicester
255,106,Camera,Electronics,1983.7,3,2023-04-01 07:50:00,1592,Nottingham
256,109,Camera,Accessories,256.15,8,2023-07-15 08:58:00,1176,London
257,102,Smartphone,Electronics,1199.76,4,2023-09-28 08:52:00,1065,Oxford
258,107,Smartphone,Appliances,927.09,7,2023-10-10 13:00:00,1935,Bristol
259,108,Headphones,Electronics,1610.09,3,2023-10-23 01:09:00,1078,Bristol
260,109,Headphones,Accessories,331.69,3,2023-11-09 22:36:00,1795,Oxford
261,104,Laptop,Accessories,1130.71,4,2023-11-05 19:05:00,1678,Leeds
262,108,Headphones,Electronics,904.98,3,2023-12-28 22:58:00,1163,Liverpool
263,102,Monitor,Accessories,1314.5,6,2023-07-28 22:15:00,1267,Manchester
264,108,Smartphone,Electronics,670.3,4,2023-05-27 17:05:00,1219,London
265,106,Smartphone,Appliances,84.93,6,2023-01-29 05:01:00,1543,Leicester
266,101,Camera,Electronics,1611.97,6,2023-09-13 19:11:00,1532,Manchester
267,109,Laptop,Electronics,361.9,2,2023-10-07 03:00:00,1195,Leicester
268,105,Laptop,Electronics,1601.58,4,2023-12-28 00:45:00,1475,Leicester
269,109,Tablet,Accessories,1648.44,2,2023-11-06 18:38:00,1981,Birmingham
270,108,Keyboard,Electronics,1766.53,7,2023-10-26 15:32:00,1674,Leeds
271,106,Keyboard,Electronics,1856.06,5,2023-08-24 23:59:00,1619,Birmingham
272,108,Camera,Accessories,83.56,2,2023-05-24 08:55:00,1200,Leeds
273,109,Smartphone,Appliances,485.65,6,2023-06-25 18:59:00,1190,Liverpool
274,104,Monitor,Electronics,84.03,2,2023-09-16 20:13:00,1550,Leicester
275,107,Mouse,Accessories,1607.21,5,2023-08-22 04:58:00,1549,Leeds
276,104,Keyboard,Electronics,746.81,4,2023-11-20 08:14:00,1423,Nottingham
277,103,Laptop,Accessories,77.25,5,2023-12-25 14:53:00,1274,Leicester
278,109,Camera,Electronics,1763.18,3,2023-01-21 04:45:00,1507,Birmingham
279,101,Printer,Electronics,1680.33,5,2023-10-23 13:11:00,1375,Leeds
280,109,Printer,Appliances,622.57,8,2023-12-21 10:26:00,1067,Nottingham
281,101,Laptop,Appliances,1727.18,6,2023-02-22 10:53:00,1575,Manchester
282,104,Tablet,Appliances,1173.58,9,2023-11-25 12:47:00,1683,London
283,106,Headphones,Electronics,1484.12,2,2023-03-31 05:55:00,1818,Bristol
284,104,Smartphone,Electronics,1215.71,4,2023-10-31 16:11:00,1578,Bristol
285,106,Smartphone,Accessories,527.76,5,2023-07-31 18:14:00,1664,Manchester
286,101,Printer,Electronics,734.44,4,2023-09-18 09:06:00,1620,London
287,106,Keyboard,Accessories,1248.8,2,2023-05-22 01:36:00,1880,Nottingham
288,105,Keyboard,Accessories,89.07,1,2023-10-13 04:20:00,1617,Bristol
289,105,Laptop,Appliances,1845.67,5,2023-07-25 21:27:00,1934,Sheffield
290,103,Keyboard,Appliances,1749.83,3,2023-11-26 13:46:00,1331,Nottingham
291,107,Tablet,Electronics,1855.96,1,2023-06-29 04:44:00,1858,Sheffield
292,104,Mouse,Accessories,1488.28,6,2023-04-05 03:12:00,1961,Leeds
293,108,Monitor,Electronics,776.59,3,2023-01-08 21:31:00,1736,Oxford
294,109,Mouse,Appliances,672.12,4,2023-08-21 03:29:00,1842,Oxford
295,102,Smartphone,Appliances,977.64,5,2023-02-13 14:28:00,1911,Nottingham
296,103,Keyboard,Appliances,1675.66,2,2023-03-08 02:35:00,1812,Oxford
297,109,Smartphone,Electronics,1878.19,4,2023-08-06 16:07:00,1437,Manchester
298,105,Smartphone,Accessories,785.09,2,2023-06-11 06:16:00,1029,Manchester
299,109,Smartphone,Electronics,776.9,7,2023-02-27 15:19:00,1919,Sheffield
300,105,Headphones,Electronics,998.58,5,2023-02-18 06:43:00,1192,Leeds
301,101,Keyboard,Accessories,693.94,7,2023-05-05 12:10:00,1575,Liverpool
302,101,Monitor,Electronics,1108.17,4,2023-12-19 20:05:00,1876,Manchester
303,103,Mouse,Accessories,935.1,6,2023-10-27 10:02:00,1826,Liverpool
304,105,Laptop,Appliances,616.42,5,2023-04-17 20:04:00,1645,Leeds
305,101,Smartphone,Electronics,1998.85,5,2023-08-20 22:59:00,1164,Leicester
306,107,Laptop,Appliances,1121.0,3,2023-08-31 20:20:00,1553,Manchester
307,107,Monitor,Appliances,517.19,4,2023-11-21 23:23:00,1384,Nottingham
308,104,Laptop,Electronics,1929.56,4,2023-11-15 06:09:00,1272,Birmingham
309,105,Headphones,Electronics,1784.78,8,2023-11-11 01:58:00,1656,Liverpool
310,102,Smartphone,Electronics,1065.37,7,2023-04-03 07:32:00,1558,Bristol
311,106,Keyboard,Appliances,286.79,5,2023-04-23 03:21:00,1146,Oxford
312,106,Camera,Accessories,1959.1,4,2023-03-08 12:31:00,1227,Bristol
313,109,Laptop,Accessories,1061.05,9,2023-04-11 13:03:00,1464,Birmingham
314,103,Monitor,Appliances,1783.13,2,2023-10-16 04:59:00,1364,Birmingham
315,101,Headphones,Appliances,400.65,4,2023-05-15 19:12:00,1574,Bristol
316,107,Mouse,Accessories,502.25,7,2023-10-19 06:54:00,1348,Bristol
317,102,Printer,Appliances,1478.9,4,2023-08-07 01:35:00,1695,Leicester
318,101,Headphones,Appliances,1668.96,3,2023-07-09 20:07:00,1541,Sheffield
319,108,Headphones,Electronics,105.74,3,2023-06-01 08:28:00,1187,Leicester
320,108,Camera,Electronics,1590.07,5,2023-08-24 07:13:00,1801,Leeds
321,102,Laptop,Appliances,790.22,3,2023-01-08 14:07:00,1357,Manchester
322,106,Mouse,Accessories,172.2,4,2023-09-02 22:17:00,1473,Nottingham
323,108,Camera,Appliances,588.49,6,2023-03-28 12:13:00,1629,Sheffield
324,105,Tablet,Appliances,936.95,3,2023-10-12 09:28:00,1052,Birmingham
325,104,Headphones,Accessories,1253.56,5,2023-09-25 05:13:00,1563,Leeds
326,104,Tablet,Appliances,1336.19,7,2023-09-13 08:43:00,1021,Leeds
327,102,Mouse,Accessories,311.23,4,2023-10-10 01:33:00,1638,Leicester
328,102,Smartphone,Accessories,1474.91,1,2023-08-12 05:52:00,1208,Sheffield
329,109,Keyboard,Appliances,1170.99,5,2023-11-19 17:48:00,1658,Leicester
330,102,Laptop,Electronics,1657.05,4,2023-12-07 20:03:00,1082,London
331,101,Printer,Appliances,800.55,3,2023-06-15 19:18:00,1905,Sheffield
332,101,Monitor,Appliances,543.03,5,2023-12-22 17:11:00,1792,Leicester
333,107,Printer,Appliances,235.07,4,2023-04-17 19:17:00,1302,Manchester
334,107,Printer,Electronics,1310.72,5,2023-11-22 09:15:00,1209,Liverpool
335,106,Headphones,Accessories,1705.65,6,2023-12-07 00:26:00,1992,Leeds
336,104,Mouse,Appliances,1376.75,2,2023-03-27 07:18:00,1027,Bristol
337,105,Laptop,Electronics,1283.17,3,2023-08-22 23:47:00,1312,London
338,105,Tablet,Accessories,241.18,6,2023-02-13 21:47:00,1791,Manchester
339,106,Monitor,Electronics,56.08,4,2023-06-29 12:43:00,1170,Leicester
340,101,Monitor,Appliances,1931.4,1,2023-06-05 16:21:00,1155,London
341,105,Smartphone,Appliances,1102.25,6,2023-09-27 01:21:00,1991,Liverpool
342,104,Printer,Accessories,713.43,6,2023-12-21 23:50:00,1011,Liverpool
343,108,Headphones,Electronics,1361.63,5,2023-11-03 18:48:00,1213,Leeds
344,102,Camera,Accessories,1838.77,5,2023-03-06 22:09:00,1515,Oxford
345,106,Printer,Electronics,1928.95,9,2023-06-29 05:14:00,1570,Oxford
346,109,Laptop,Appliances,393.1,5,2023-10-24 08:09:00,1460,Liverpool
347,101,Monitor,Accessories,1107.23,5,2023-05-17 21:36:00,1215,Bristol
348,102,Keyboard,Accessories,987.66,2,2023-06-24 11:41:00,1004,Leeds
349,105,Tablet,Accessories,1262.58,1,2023-12-11 08:44:00,1293,Bristol
350,103,Smartphone,Electronics,1533.64,5,2023-11-01 07:10:00,1519,London
351,104,Laptop,Appliances,305.67,1,2023-01-21 04:08:00,1089,Leicester
352,107,Camera,Accessories,451.99,6,2023-06-14 18:42:00,1885,Manchester
353,108,Monitor,Appliances,1901.91,5,2023-05-31 15:24:00,1605,London
354,109,Tablet,Accessories,953.39,5,2023-12-14 13:57:00,1547,Liverpool
355,108,Smartphone,Electronics,770.42,4,2023-04-16 10:14:00,1154,Leicester
356,104,Printer,Accessories,849.73,5,2023-10-10 02:33:00,1759,Sheffield
357,103,Laptop,Electronics,1931.46,2,2023-12-09 06:28:00,1358,Oxford
358,104,Tablet,Appliances,748.01,1,2023-03-16 12:51:00,1081,Leeds
359,101,Smartphone,Accessories,1765.88,3,2023-03-05 22:08:00,1748,Leicester
360,108,Laptop,Electronics,1917.43,6,2023-09-29 04:10:00,1098,Oxford
361,105,Monitor,Appliances,1622.6,6,2023-07-07 23:16:00,1873,Leeds
362,108,Printer,Appliances,975.45,4,2023-07-16 22:04:00,1111,Sheffield
363,105,Keyboard,Appliances,86.12,2,2023-11-01 20:02:00,1366,Nottingham
364,108,Headphones,Accessories,1582.0,3,2023-02-13 20:33:00,1003,Birmingham
365,109,Printer,Electronics,1037.18,4,2023-07-28 06:28:00,1760,Bristol
366,107,Camera,Accessories,753.56,6,2023-12-27 19:03:00,1084,Leeds
367,107,Mouse,Accessories,452.48,6,2023-04-20 23:16:00,1701,Liverpool
368,106,Monitor,Appliances,1476.32,2,2023-12-02 13:28:00,1527,Nottingham
369,102,Printer,Electronics,1536.21,4,2023-07-09 11:58:00,1650,Oxford
370,109,Tablet,Electronics,960.63,2,2023-08-26 09:02:00,1101,London
371,102,Headphones,Appliances,1038.35,6,2023-12-06 18:15:00,1095,Sheffield
372,107,Printer,Electronics,973.53,4,2023-02-16 07:02:00,1417,Leicester
373,107,Keyboard,Electronics,400.29,5,2023-01-19 07:55:00,1962,Oxford
374,104,Mouse,Electronics,352.62,6,2023-07-26 02:23:00,1850,Leeds
375,104,Headphones,Appliances,274.2,7,2023-11-02 09:10:00,1924,Birmingham
376,106,Headphones,Electronics,1423.13,5,2023-09-16 20:47:00,1239,Birmingham
377,107,Mouse,Accessories,1853.8,5,2023-03-29 13:15:00,1882,Leicester
378,107,Laptop,Accessories,1557.57,5,2023-12-20 03:51:00,1783,Sheffield
379,105,Tablet,Appliances,1725.56,4,2023-04-02 14:24:00,1139,London
380,105,Smartphone,Appliances,1858.29,5,2023-06-13 23:39:00,1032,Manchester
381,104,Keyboard,Electronics,893.14,4,2023-10-07 00:22:00,1083,Bristol
382,106,Headphones,Electronics,1415.8,4,2023-12-28 07:30:00,1791,Manchester
383,101,Mouse,Accessories,1961.84,4,2023-06-09 22:17:00,1569,Liverpool
384,104,Printer,Electronics,1969.2,4,2023-12-19 13:21:00,1730,London
385,108,Smartphone,Accessories,788.24,4,2023-09-12 17:21:00,1153,Sheffield
386,104,Printer,Accessories,165.1,2,2023-01-22 23:49:00,1147,Birmingham
387,109,Monitor,Appliances,1273.46,7,2023-07-02 01:25:00,1507,Manchester
388,105,Smartphone,Appliances,1812.37,7,2023-11-26 00:08:00,1559,Liverpool
389,101,Monitor,Appliances,424.9,7,2023-05-16 05:04:00,1816,Leicester
390,109,Smartphone,Accessories,953.21,7,2023-11-24 04:35:00,1656,Oxford
391,104,Printer,Appliances,36.23,5,2023-06-30 16:40:00,1921,Birmingham
392,102,Monitor,Electronics,1200.57,4,2023-03-05 19:36:00,1679,Sheffield
393,102,Headphones,Appliances,430.2,3,2023-06-12 16:20:00,1060,Manchester
394,102,Camera,Accessories,1486.51,3,2023-03-02 11:06:00,1337,Bristol
395,106,Keyboard,Appliances,778.4,6,2023-09-10 04:41:00,1887,Nottingham
396,106,Printer,Appliances,153.54,3,2023-12-02 11:36:00,1368,London
397,106,Headphones,Accessories,1822.63,4,2023-12-26 05:00:00,1251,Liverpool
398,106,Printer,Electronics,1559.62,7,2023-08-28 11:26:00,1771,Bristol
399,107,Laptop,Accessories,970.15,6,2023-04-07 14:08:00,1933,Manchester
400,105,Keyboard,Accessories,864.55,4,2023-07-12 00:36:00,1859,Liverpool
401,108,Camera,Electronics,1531.67,4,2023-01-03 00:27:00,1276,Oxford
402,101,Camera,Electronics,1708.58,7,2023-09-04 05:07:00,1880,Liverpool
403,106,Tablet,Accessories,1732.64,4,2023-12-10 13:12:00,1086,London
404,106,Printer,Electronics,699.99,7,2023-01-06 08:08:00,1238,Liverpool
405,107,Headphones,Electronics,852.47,4,2023-01-05 08:00:00,1449,Liverpool
406,101,Keyboard,Accessories,1472.35,1,2023-11-25 03:17:00,1234,Oxford
407,109,Camera,Appliances,1698.86,7,2023-01-21 21:05:00,1558,Bristol
408,109,Keyboard,Accessories,540.81,8,2023-09-25 13:43:00,1480,Birmingham
409,106,Keyboard,Accessories,1352.35,3,2023-10-05 11:14:00,1092,London
410,108,Keyboard,Appliances,1044.87,6,2023-03-01 06:07:00,1268,Liverpool
411,105,Printer,Accessories,1561.75,6,2023-12-30 13:00:00,1667,Leicester
412,106,Printer,Appliances,1116.92,7,2023-10-24 16:08:00,1363,Birmingham
413,103,Tablet,Accessories,587.16,7,2023-03-24 22:16:00,1541,Leicester
414,102,Headphones,Accessories,1675.73,5,2023-11-06 12:15:00,1517,Leicester
415,102,Smartphone,Appliances,1543.19,5,2023-04-28 04:17:00,1531,Oxford
416,107,Monitor,Appliances,637.54,5,2023-02-01 19:35:00,1571,Leeds
417,101,Printer,Appliances,108.09,4,2023-07-25 22:09:00,1123,Manchester
418,104,Headphones,Electronics,1557.67,6,2023-06-20 17:44:00,1249,Oxford
419,103,Camera,Electronics,1607.76,5,2023-02-14 22:12:00,1894,Bristol
420,104,Tablet,Electronics,1566.39,7,2023-06-22 10:12:00,1469,Oxford
421,109,Headphones,Electronics,622.33,3,2023-11-13 23:38:00,1954,Manchester
422,101,Mouse,Accessories,896.33,8,2023-07-17 17:03:00,1395,Birmingham
423,103,Smartphone,Appliances,1673.5,3,2023-05-25 11:52:00,1221,London
424,104,Camera,Accessories,1101.65,6,2023-07-02 02:17:00,1585,Sheffield
425,104,Tablet,Electronics,1608.16,5,2023-09-18 17:43:00,1539,Nottingham
426,103,Tablet,Accessories,79.71,4,2023-04-17 00:36:00,1689,Bristol
427,106,Mouse,Accessories,843.4,8,2023-07-11 03:35:00,1263,London
428,103,Laptop,Appliances,1111.59,5,2023-12-05 11:15:00,1654,London
429,105,Laptop,Accessories,1998.43,4,2023-03-22 01:49:00,1165,Nottingham
430,107,Laptop,Appliances,1287.93,7,2023-12-24 09:51:00,1207,Liverpool
431,102,Printer,Appliances,1746.63,5,2023-10-07 06:26:00,1854,Nottingham
432,105,Tablet,Appliances,760.77,5,2023-12-22 00:11:00,1660,Manchester
433,102,Camera,Accessories,1345.78,6,2023-07-24 00:12:00,1721,Nottingham
434,107,Printer,Appliances,1821.86,8,2023-12-11 09:56:00,1510,Leicester
435,108,Smartphone,Accessories,1275.0,5,2023-01-28 15:44:00,1753,London
436,102,Keyboard,Appliances,1622.57,2,2023-11-01 10:11:00,1058,Nottingham
437,102,Tablet,Electronics,1683.75,3,2023-04-06 03:25:00,1741,Manchester
438,108,Smartphone,Electronics,1859.53,11,2023-07-19 13:43:00,1295,Oxford
439,108,Tablet,Appliances,189.44,2,2023-12-03 19:22:00,1087,Leicester
440,107,Printer,Appliances,1900.79,6,2023-05-29 17:36:00,1606,Liverpool
441,102,Mouse,Appliances,141.18,5,2023-12-23 09:33:00,1363,Oxford
442,108,Monitor,Appliances,472.68,5,2023-01-23 19:01:00,1484,Leeds
443,107,Headphones,Appliances,1997.17,4,2023-05-25 04:23:00,1109,Nottingham
444,101,Monitor,Electronics,433.2,5,2023-12-11 16:54:00,1012,Leeds
445,105,Smartphone,Accessories,450.3,4,2023-04-04 20:45:00,1423,Nottingham
446,107,Keyboard,Electronics,1227.1,3,2023-05-04 19:57:00,1246,Oxford
447,102,Laptop,Electronics,1575.29,2,2023-07-25 18:39:00,1398,Oxford
448,101,Printer,Accessories,643.91,1,2023-03-02 16:54:00,1730,Liverpool
449,107,Printer,Appliances,1012.9,1,2023-10-13 19:14:00,1047,Manchester
450,108,Keyboard,Electronics,269.24,2,2023-03-18 10:53:00,1228,Bristol
451,107,Headphones,Electronics,1153.17,9,2023-09-28 02:27:00,1844,Bristol
452,103,Laptop,Electronics,290.63,4,2023-02-27 10:12:00,1757,Manchester
453,109,Smartphone,Accessories,1827.1,8,2023-08-15 11:57:00,1543,Birmingham
454,101,Tablet,Accessories,1953.04,9,2023-08-22 02:03:00,1307,Leicester
455,106,Monitor,Electronics,68.24,9,2023-07-17 00:46:00,1556,Oxford
456,101,Smartphone,Electronics,1609.57,9,2023-03-06 23:56:00,1896,London
457,107,Tablet,Electronics,586.19,6,2023-11-08 02:04:00,1155,Leicester
458,101,Camera,Electronics,1427.19,5,2023-06-10 06:57:00,1607,Manchester
459,103,Monitor,Appliances,834.23,3,2023-09-05 04:39:00,1200,Leeds
460,104,Keyboard,Electronics,1029.64,2,2023-10-31 16:47:00,1307,Leicester
461,101,Printer,Electronics,1624.52,4,2023-07-27 23:43:00,1903,Nottingham
462,103,Camera,Appliances,1882.41,4,2023-01-12 15:41:00,1862,London
463,106,Smartphone,Accessories,439.82,5,2023-11-22 20:55:00,1613,Liverpool
464,101,Laptop,Appliances,1493.5,5,2023-10-19 12:08:00,1138,Nottingham
465,101,Smartphone,Appliances,83.28,6,2023-12-12 03:23:00,1183,Bristol
466,103,Monitor,Accessories,612.64,5,2023-02-24 17:56:00,1217,London
467,103,Laptop,Accessories,604.36,6,2023-12-21 06:21:00,1871,Nottingham
468,101,Headphones,Accessories,875.31,7,2023-10-24 04:07:00,1899,Bristol
469,107,Printer,Appliances,136.58,5,2023-09-02 00:39:00,1801,Birmingham
470,109,Monitor,Accessories,506.91,2,2023-05-25 20:09:00,1210,Birmingham
471,102,Camera,Appliances,579.43,7,2023-07-13 09:45:00,1433,Leeds
472,107,Keyboard,Accessories,1488.64,4,2023-03-29 00:31:00,1600,Manchester
473,105,Keyboard,Accessories,379.48,7,2023-02-24 08:05:00,1764,Oxford
474,109,Tablet,Electronics,619.78,4,2023-01-19 11:41:00,1889,Liverpool
475,103,Headphones,Accessories,690.27,3,2023-05-24 21:26:00,1137,Leicester
476,105,Tablet,Appliances,1807.75,5,2023-04-05 12:10:00,1548,Nottingham
477,101,Headphones,Appliances,204.22,5,2023-06-08 00:17:00,1029,Sheffield
478,106,Printer,Appliances,364.06,4,2023-09-06 23:40:00,1734,Oxford
479,106,Tablet,Appliances,860.52,4,2023-05-06 06:49:00,1208,Bristol
480,101,Keyboard,Accessories,950.76,8,2023-02-03 05:11:00,1601,London
481,108,Smartphone,Electronics,1648.8,5,2023-06-15 03:09:00,1794,London
482,107,Printer,Accessories,549.26,6,2023-03-27 16:32:00,1025,Liverpool
483,101,Printer,Accessories,621.42,7,2023-08-23 17:23:00,1461,Sheffield
484,103,Keyboard,Appliances,814.49,8,2023-01-10 01:06:00,1914,Leeds
485,101,Camera,Appliances,1099.57,5,2023-02-14 02:20:00,1049,London
486,105,Monitor,Appliances,921.83,5,2023-05-05 19:21:00,1719,Leeds
487,108,Printer,Appliances,821.78,5,2023-07-22 13:11:00,1556,Manchester
488,103,Smartphone,Accessories,1851.71,7,2023-06-14 17:35:00,1881,Liverpool
489,105,Smartphone,Accessories,1550.37,6,2023-10-14 19:50:00,1493,Leeds
490,109,Tablet,Accessories,1540.97,4,2023-11-20 06:01:00,1211,Bristol
491,106,Headphones,Accessories,633.33,8,2023-11-04 14:44:00,1290,Bristol
492,103,Printer,Appliances,278.84,3,2023-06-27 09:30:00,1269,London
493,107,Printer,Accessories,856.27,4,2023-07-27 08:03:00,1236,Nottingham
494,109,Camera,Appliances,869.74,6,2023-02-16 12:13:00,1936,Leicester
495,105,Tablet,Accessories,1343.83,4,2023-03-20 08:58:00,1684,Sheffield
496,102,Printer,Accessories,280.47,3,2023-01-05 10:55:00,1977,Bristol
497,104,Camera,Accessories,439.58,3,2023-07-31 03:42:00,1641,Oxford
498,108,Camera,Appliances,576.81,7,2023-01-24 06:06:00,1878,Sheffield
499,101,Headphones,Electronics,1058.91,7,2023-11-02 14:38:00,1519,Liverpool
500,105,Camera,Accessories,191.96,4,2023-03-08 08:37:00,1969,Sheffield
501,104,Laptop,Electronics,121.47,1,2023-05-03 23:15:00,1617,Liverpool
502,104,Printer,Accessories,1656.77,3,2023-09-30 20:19:00,1830,Leeds
503,103,Camera,Accessories,796.3,5,2023-12-30 21:33:00,1652,Bristol
504,107,Laptop,Appliances,555.09,4,2023-05-04 09:28:00,1549,Bristol
505,105,Monitor,Appliances,1803.65,5,2023-02-28 16:33:00,1637,Liverpool
506,102,Printer,Accessories,173.92,2,2023-02-01 06:51:00,1606,Sheffield
507,103,Tablet,Accessories,243.87,7,2023-01-08 11:48:00,1186,Leeds
508,101,Camera,Electronics,914.69,3,2023-09-03 02:15:00,1926,Nottingham
509,108,Monitor,Appliances,1659.35,3,2023-10-16 18:25:00,1409,Nottingham
510,103,Keyboard,Accessories,214.17,3,2023-07-30 09:54:00,1961,London
511,108,Keyboard,Electronics,1381.75,1,2023-03-21 23:36:00,1360,Bristol
512,106,Printer,Accessories,433.12,3,2023-12-08 14:55:00,1362,Leicester
513,109,Printer,Accessories,1930.76,1,2023-01-16 03:07:00,1687,Leeds
514,104,Headphones,Accessories,1002.85,8,2023-05-29 03:23:00,1922,Manchester
515,105,Tablet,Accessories,1396.46,8,2023-04-14 02:15:00,1727,Manchester
516,104,Monitor,Accessories,1819.04,8,2023-04-06 09:25:00,1205,Leeds
517,105,Monitor,Electronics,1195.44,5,2023-12-19 06:34:00,1103,Birmingham
518,101,Camera,Accessories,1137.24,7,2023-02-25 00:53:00,1316,Sheffield
519,101,Tablet,Appliances,278.48,4,2023-04-18 01:46:00,1354,London
520,107,Headphones,Electronics,1078.31,6,2023-06-22 17:17:00,1250,Leeds
521,102,Tablet,Appliances,1141.82,5,2023-10-15 15:01:00,1600,Nottingham
522,106,Headphones,Appliances,204.18,3,2023-04-05 08:30:00,1924,Bristol
523,105,Keyboard,Electronics,1836.48,7,2023-04-21 01:13:00,1705,Leeds
524,103,Tablet,Appliances,1345.41,5,2023-08-04 08:18:00,1363,Leeds
525,109,Smartphone,Appliances,1442.88,4,2023-03-15 19:33:00,1948,Bristol
526,103,Camera,Appliances,467.27,7,2023-03-18 17:27:00,1076,Leicester
527,106,Mouse,Appliances,181.91,5,2023-05-11 05:26:00,1274,Bristol
528,101,Laptop,Appliances,509.59,3,2023-12-03 02:01:00,1051,Bristol
529,109,Printer,Electronics,1713.28,7,2023-10-24 17:43:00,1117,Bristol
530,106,Printer,Appliances,687.95,6,2023-08-27 00:22:00,1428,Sheffield
531,104,Laptop,Accessories,654.78,7,2023-07-07 09:52:00,1347,London
532,108,Printer,Appliances,221.65,3,2023-07-27 11:56:00,1357,Oxford
533,107,Printer,Accessories,1250.07,1,2023-07-02 01:19:00,1518,Bristol
534,109,Camera,Electronics,279.3,3,2023-10-21 16:57:00,1305,Bristol
535,101,Monitor,Appliances,1703.74,5,2023-01-02 13:39:00,1501,Oxford
536,109,Laptop,Electronics,425.13,3,2023-12-25 07:29:00,1919,Birmingham
537,103,Monitor,Electronics,606.84,6,2023-08-05 10:09:00,1528,Sheffield
538,104,Smartphone,Appliances,1928.32,8,2023-05-29 00:56:00,1065,Leeds
539,108,Smartphone,Appliances,1536.24,6,2023-01-08 09:27:00,1100,Manchester
540,101,Tablet,Accessories,1220.67,3,2023-05-17 23:21:00,1861,Sheffield
541,105,Mouse,Appliances,1884.05,3,2023-10-25 12:29:00,1884,Bristol
542,106,Tablet,Accessories,263.21,6,2023-11-04 11:45:00,1928,Oxford
543,106,Printer,Appliances,866.62,5,2023-01-15 03:07:00,1184,Liverpool
544,107,Laptop,Appliances,878.47,1,2023-10-21 09:33:00,1432,Leicester
545,107,Camera,Electronics,63.59,5,2023-08-25 04:26:00,1122,Birmingham
546,106,Smartphone,Electronics,373.76,6,2023-11-21 18:58:00,1348,Birmingham
547,105,Laptop,Electronics,1728.87,4,2023-01-31 03:14:00,1135,Sheffield
548,105,Printer,Appliances,1102.45,2,2023-02-07 08:11:00,1014,Sheffield
549,108,Headphones,Electronics,103.87,9,2023-07-26 21:45:00,1984,Manchester
550,109,Monitor,Electronics,343.08,6,2023-01-22 09:03:00,1790,Bristol
551,102,Printer,Appliances,1436.67,4,2023-05-13 15:25:00,1055,Leicester
552,109,Mouse,Appliances,802.47,2,2023-01-06 12:35:00,1921,Nottingham
553,109,Monitor,Accessories,1160.08,4,2023-07-30 18:28:00,1849,Manchester
554,102,Printer,Appliances,1367.93,2,2023-08-01 06:38:00,1714,Birmingham
555,108,Printer,Electronics,1933.7,5,2023-05-24 17:31:00,1562,Sheffield
556,101,Laptop,Appliances,1172.75,5,2023-09-24 08:11:00,1691,London
557,106,Smartphone,Appliances,1989.97,3,2023-08-29 09:10:00,1443,Nottingham
558,105,Printer,Electronics,349.32,9,2023-06-28 01:59:00,1064,Bristol
559,102,Camera,Appliances,736.02,1,2023-04-02 20:42:00,1224,Liverpool
560,103,Headphones,Appliances,959.15,3,2023-07-04 17:43:00,1681,Sheffield
561,109,Tablet,Accessories,1574.82,6,2023-01-25 18:04:00,1295,London
562,102,Printer,Accessories,276.93,2,2023-04-18 19:36:00,1497,Leicester
563,105,Laptop,Electronics,981.06,6,2023-10-05 11:18:00,1663,Birmingham
564,101,Monitor,Electronics,1265.21,5,2023-09-27 18:53:00,1428,London
565,107,Laptop,Electronics,1739.41,5,2023-11-03 04:50:00,1527,Bristol
566,101,Mouse,Appliances,1841.0,6,2023-12-28 16:02:00,1401,Manchester
567,107,Printer,Accessories,891.58,3,2023-04-06 19:43:00,1955,Nottingham
568,108,Printer,Electronics,837.96,5,2023-01-01 20:35:00,1136,Oxford
569,104,Printer,Appliances,1777.27,9,2023-11-30 02:57:00,1495,Leicester
570,105,Headphones,Electronics,277.91,2,2023-06-24 06:31:00,1307,Sheffield
571,107,Printer,Appliances,633.24,6,2023-06-22 17:24:00,1433,Leeds
572,109,Camera,Accessories,769.73,5,2023-08-22 02:57:00,1374,Bristol
573,103,Smartphone,Appliances,720.25,3,2023-09-03 08:20:00,1955,Birmingham
574,108,Printer,Appliances,1100.87,2,2023-07-17 00:47:00,1216,Sheffield
575,106,Headphones,Appliances,1480.31,7,2023-09-25 22:54:00,1583,Manchester
576,101,Camera,Appliances,667.54,7,2023-01-02 14:17:00,1521,Manchester
577,103,Mouse,Appliances,585.06,4,2023-08-24 09:30:00,1074,Bristol
578,105,Smartphone,Appliances,30.01,4,2023-03-22 14:55:00,1221,Nottingham
579,108,Headphones,Accessories,1708.33,6,2023-04-14 00:46:00,1707,Birmingham
580,101,Smartphone,Appliances,1690.72,6,2023-06-30 18:30:00,1171,Sheffield
581,101,Laptop,Electronics,365.07,2,2023-02-08 16:10:00,1559,Birmingham
582,101,Headphones,Appliances,1368.38,5,2023-04-30 10:37:00,1849,Manchester
583,107,Headphones,Appliances,615.58,4,2023-03-26 23:15:00,1386,Leicester
584,104,Keyboard,Electronics,295.39,3,2023-11-22 23:08:00,1000,Manchester
585,107,Printer,Accessories,740.17,5,2023-04-06 09:48:00,1013,Nottingham
586,109,Headphones,Accessories,803.48,1,2023-10-11 01:24:00,1092,Leeds
587,101,Keyboard,Accessories,880.34,6,2023-07-15 18:49:00,1502,Manchester
588,106,Keyboard,Appliances,1892.99,4,2023-03-17 01:17:00,1984,Liverpool
589,109,Mouse,Electronics,507.4,7,2023-02-17 00:25:00,1874,Leeds
590,106,Keyboard,Accessories,1013.06,1,2023-09-26 21:26:00,1326,London
591,101,Printer,Appliances,488.89,2,2023-01-18 01:14:00,1227,Bristol
592,108,Headphones,Electronics,227.64,3,2023-02-20 04:17:00,1012,Nottingham
593,101,Mouse,Appliances,1583.22,8,2023-11-10 16:25:00,1181,Birmingham
594,103,Camera,Accessories,83.1,3,2023-10-26 22:43:00,1617,Sheffield
595,102,Tablet,Accessories,1475.98,5,2023-11-21 19:15:00,1845,Leicester
596,103,Smartphone,Appliances,33.5,5,2023-06-09 13:27:00,1933,Nottingham
597,103,Smartphone,Appliances,613.19,5,2023-10-30 16:06:00,1211,Birmingham
598,102,Camera,Accessories,647.22,2,2023-04-12 03:26:00,1272,Bristol
599,109,Mouse,Appliances,632.43,4,2023-07-19 12:50:00,1113,London
600,103,Keyboard,Appliances,1653.42,5,2023-01-05 23:44:00,1788,Liverpool
601,101,Monitor,Accessories,293.46,2,2023-08-27 16:43:00,1703,London
602,105,Camera,Appliances,1706.63,4,2023-01-04 06:51:00,1161,Leeds
603,101,Tablet,Accessories,1505.72,8,2023-01-18 15:40:00,1149,Leicester
604,103,Mouse,Accessories,1253.47,6,2023-05-13 04:37:00,1044,London
605,109,Tablet,Electronics,96.59,4,2023-10-28 00:42:00,1129,Sheffield
606,103,Laptop,Appliances,1663.07,4,2023-03-16 04:22:00,1412,Manchester
607,102,Camera,Electronics,914.4,6,2023-03-26 14:38:00,1000,Leeds
608,102,Monitor,Electronics,1260.16,6,2023-07-27 03:02:00,1125,London
609,108,Printer,Appliances,903.86,6,2023-10-12 17:31:00,1573,London
610,102,Monitor,Accessories,401.3,8,2023-11-05 17:13:00,1198,Leicester
611,109,Tablet,Appliances,1308.84,2,2023-08-18 12:41:00,1116,Bristol
612,108,Keyboard,Electronics,422.17,7,2023-03-19 13:17:00,1727,Liverpool
613,101,Keyboard,Electronics,1683.4,6,2023-07-15 22:11:00,1817,Nottingham
614,101,Mouse,Accessories,1397.82,3,2023-04-25 09:11:00,1495,Leeds
615,104,Headphones,Appliances,1803.06,7,2023-06-14 18:18:00,1106,Leicester
616,105,Camera,Appliances,641.76,3,2023-03-21 09:47:00,1857,Leeds
617,105,Laptop,Accessories,1003.88,6,2023-04-29 03:59:00,1992,Oxford
618,108,Laptop,Appliances,1093.64,2,2023-04-28 05:52:00,1048,Sheffield
619,104,Headphones,Electronics,1750.3,5,2023-11-22 12:13:00,1821,London
620,108,Camera,Accessories,120.31,7,2023-02-16 02:39:00,1911,Leeds
621,109,Monitor,Appliances,398.81,2,2023-07-30 09:20:00,1962,Leeds
622,101,Keyboard,Electronics,1060.91,5,2023-12-09 21:37:00,1589,Nottingham
623,102,Printer,Appliances,1390.54,1,2023-08-01 08:23:00,1078,Sheffield
624,104,Laptop,Appliances,759.15,5,2023-07-24 06:59:00,1267,Nottingham
625,106,Monitor,Accessories,1617.51,1,2023-03-23 05:00:00,1017,Leeds
626,108,Camera,Appliances,1651.09,6,2023-08-30 14:26:00,1773,Leeds
627,105,Camera,Electronics,1670.16,6,2023-04-26 06:10:00,1292,Leicester
628,105,Headphones,Electronics,1239.15,5,2023-08-16 00:00:00,1888,Bristol
629,106,Camera,Accessories,1747.4,6,2023-01-22 03:09:00,1545,Leicester
630,103,Keyboard,Appliances,1581.2,4,2023-05-03 01:17:00,1515,Oxford
631,103,Mouse,Electronics,344.99,5,2023-10-03 03:00:00,1329,Manchester
632,109,Printer,Accessories,377.31,5,2023-09-22 15:10:00,1519,Oxford
633,106,Mouse,Electronics,683.51,6,2023-01-17 16:51:00,1853,Liverpool
634,108,Camera,Appliances,278.43,3,2023-10-09 09:39:00,1904,London
635,106,Keyboard,Appliances,1503.84,4,2023-05-01 05:29:00,1241,Bristol
636,105,Headphones,Accessories,939.69,6,2023-05-28 11:35:00,1852,Leicester
637,109,Monitor,Accessories,487.68,3,2023-04-03 01:07:00,1543,Oxford
638,109,Monitor,Accessories,1117.83,4,2023-09-09 07:45:00,1342,Sheffield
639,103,Laptop,Accessories,917.56,3,2023-02-10 17:39:00,1757,Manchester
640,105,Camera,Electronics,665.69,1,2023-05-07 17:49:00,1138,Manchester
641,103,Mouse,Electronics,2011.6,8,2023-05-29 06:43:00,1861,Birmingham
642,101,Headphones,Accessories,409.06,6,2023-09-01 11:43:00,1820,Leicester
643,103,Headphones,Appliances,1022.07,6,2023-01-19 12:18:00,1697,Oxford
644,102,Tablet,Accessories,1569.79,9,2023-03-22 22:19:00,1971,Manchester
645,108,Printer,Appliances,40.46,4,2023-06-26 05:58:00,1996,Liverpool
646,105,Mouse,Appliances,408.84,6,2023-07-17 14:16:00,1361,Nottingham
647,105,Smartphone,Electronics,1866.86,2,2023-08-05 11:31:00,1899,Oxford
648,101,Camera,Electronics,1983.16,7,2023-09-01 13:56:00,1662,Leeds
649,109,Tablet,Accessories,1732.3,1,2023-05-11 04:00:00,1755,Bristol
650,102,Camera,Accessories,1202.54,3,2023-10-02 04:13:00,1364,Oxford
651,108,Tablet,Appliances,771.95,3,2023-03-21 12:08:00,1585,Leicester
652,106,Laptop,Accessories,477.24,2,2023-02-18 13:22:00,1395,Bristol
653,109,Camera,Accessories,1994.31,7,2023-10-05 11:25:00,1104,Leeds
654,104,Tablet,Accessories,952.42,4,2023-12-03 10:41:00,1745,London
655,106,Camera,Accessories,347.56,3,2023-06-15 09:54:00,1560,Bristol
656,109,Monitor,Appliances,1528.0,4,2023-09-18 19:22:00,1214,Manchester
657,108,Laptop,Appliances,1800.31,5,2023-09-16 21:18:00,1609,Sheffield
658,109,Monitor,Accessories,1861.24,7,2023-04-27 11:11:00,1925,Leeds
659,107,Smartphone,Electronics,1547.44,3,2023-07-30 01:23:00,1083,Sheffield
660,101,Mouse,Electronics,1946.71,4,2023-11-11 18:38:00,1332,Birmingham
661,103,Camera,Electronics,604.54,4,2023-02-26 12:51:00,1427,Liverpool
662,107,Printer,Electronics,708.67,3,2023-01-28 17:56:00,1230,Liverpool
663,108,Keyboard,Electronics,889.11,7,2023-07-19 04:20:00,1742,Liverpool
664,109,Monitor,Electronics,1471.77,3,2023-08-02 21:08:00,1295,Bristol
665,101,Monitor,Accessories,905.58,3,2023-08-05 23:41:00,1619,Oxford
666,105,Headphones,Accessories,1071.2,5,2023-04-11 19:34:00,1982,Leeds
667,101,Laptop,Accessories,896.31,1,2023-02-21 14:08:00,1276,Birmingham
668,106,Camera,Electronics,177.15,6,2023-11-25 01:18:00,1865,Liverpool
669,107,Printer,Electronics,975.34,2,2023-03-14 16:00:00,1508,Manchester
670,104,Printer,Electronics,1910.25,3,2023-12-05 08:37:00,1282,Manchester
671,107,Monitor,Electronics,928.46,5,2023-12-26 16:00:00,1387,Bristol
672,108,Printer,Appliances,263.66,1,2023-05-05 08:51:00,1663,Liverpool
673,103,Camera,Electronics,1091.02,1,2023-06-06 17:30:00,1640,Leicester
674,103,Smartphone,Appliances,1565.44,7,2023-07-26 17:16:00,1210,Leeds
675,107,Smartphone,Accessories,478.26,1,2023-06-11 01:46:00,1879,Manchester
676,108,Smartphone,Appliances,1364.61,5,2023-01-22 04:17:00,1765,Manchester
677,109,Headphones,Appliances,725.81,1,2023-12-15 22:34:00,1178,Birmingham
678,107,Monitor,Electronics,1111.24,3,2023-05-24 10:27:00,1411,Manchester
679,109,Keyboard,Appliances,1081.6,6,2023-06-21 05:27:00,1696,Oxford
680,107,Mouse,Accessories,634.89,3,2023-06-01 21:15:00,1585,Oxford
681,103,Mouse,Appliances,1561.97,4,2023-08-25 19:21:00,1077,Bristol
682,103,Smartphone,Accessories,1684.04,1,2023-06-25 09:22:00,1073,Birmingham
683,104,Camera,Electronics,158.95,7,2023-01-21 06:41:00,1051,Bristol
684,103,Tablet,Accessories,1559.38,1,2023-07-22 08:56:00,1515,Nottingham
685,109,Headphones,Electronics,1967.57,2,2023-07-18 14:51:00,1323,Bristol
686,101,Printer,Accessories,1354.88,3,2023-12-09 01:54:00,1760,Leeds
687,107,Laptop,Appliances,452.03,4,2023-09-26 15:54:00,1443,Oxford
688,109,Printer,Electronics,2048.78,7,2023-07-10 17:58:00,1492,Nottingham
689,108,Tablet,Accessories,917.2,8,2023-07-28 07:46:00,1522,Sheffield
690,102,Laptop,Appliances,366.54,1,2023-11-08 08:03:00,1586,Sheffield
691,109,Camera,Appliances,633.04,5,2023-06-02 14:57:00,1656,Bristol
692,102,Smartphone,Electronics,1365.13,3,2023-05-07 11:33:00,1334,London
693,107,Mouse,Accessories,1684.9,3,2023-10-20 03:32:00,1373,Liverpool
694,102,Camera,Electronics,1734.9,9,2023-02-23 13:45:00,1015,Bristol
695,105,Camera,Electronics,1177.02,9,2023-06-12 05:51:00,1742,Leeds
696,107,Tablet,Appliances,1206.09,5,2023-10-03 22:01:00,1549,Liverpool
697,106,Laptop,Appliances,1907.94,6,2023-08-29 18:32:00,1771,Birmingham
698,101,Tablet,Appliances,1598.69,6,2023-01-27 22:50:00,1734,Bristol
699,103,Laptop,Appliances,1866.85,5,2023-07-19 22:06:00,1411,Sheffield
700,103,Mouse,Accessories,1579.18,7,2023-02-23 14:38:00,1125,Oxford
701,104,Smartphone,Electronics,128.16,6,2023-03-12 23:29:00,1048,Bristol
702,105,Smartphone,Appliances,1917.48,4,2023-06-27 13:17:00,1235,Oxford
703,103,Monitor,Appliances,620.85,4,2023-03-20 07:16:00,1862,Nottingham
704,106,Smartphone,Accessories,1965.28,5,2023-11-27 18:13:00,1216,Nottingham
705,109,Smartphone,Electronics,504.03,4,2023-11-25 11:52:00,1885,Liverpool
706,106,Smartphone,Appliances,134.03,7,2023-02-18 15:51:00,1013,Liverpool
707,103,Keyboard,Appliances,656.91,1,2023-07-15 00:12:00,1987,Nottingham
708,104,Printer,Appliances,1514.62,6,2023-08-02 13:42:00,1057,Manchester
709,109,Smartphone,Electronics,1407.6,5,2023-02-28 01:07:00,1066,Bristol
710,106,Tablet,Appliances,1179.73,5,2023-12-03 20:33:00,1535,Leeds
711,107,Headphones,Accessories,1264.15,2,2023-07-05 10:05:00,1959,Oxford
712,103,Headphones,Appliances,930.04,5,2023-01-05 08:57:00,1976,Birmingham
713,105,Laptop,Electronics,464.59,6,2023-02-05 17:55:00,1393,Manchester
714,107,Camera,Appliances,2048.12,8,2023-03-18 00:01:00,1038,Birmingham
715,104,Mouse,Electronics,552.92,5,2023-07-15 01:55:00,1675,London
716,107,Printer,Accessories,908.04,2,2023-07-26 17:12:00,1594,London
717,104,Monitor,Electronics,230.52,8,2023-06-30 15:47:00,1465,Manchester
718,104,Camera,Appliances,263.16,4,2024-01-01 07:32:00,1038,Bristol
719,102,Monitor,Accessories,358.46,2,2023-05-06 17:24:00,1909,London
720,104,Mouse,Appliances,2008.29,5,2023-08-27 16:02:00,1296,Birmingham
721,103,Tablet,Electronics,1771.5,3,2023-03-04 21:26:00,1505,Oxford
722,109,Keyboard,Electronics,949.63,1,2023-08-11 14:49:00,1995,Leeds
723,104,Mouse,Accessories,1713.77,2,2023-11-05 04:09:00,1440,London
724,103,Mouse,Accessories,1605.84,2,2023-07-20 22:42:00,1873,Bristol
725,109,Smartphone,Electronics,55.68,6,2023-09-05 05:28:00,1707,Sheffield
726,108,Mouse,Electronics,1394.48,3,2023-05-09 08:20:00,1373,Liverpool
727,102,Laptop,Accessories,2046.12,3,2023-06-21 13:01:00,1696,Leicester
728,104,Printer,Appliances,731.19,3,2023-05-15 11:41:00,1140,Sheffield
729,102,Mouse,Electronics,2035.92,4,2023-02-20 16:15:00,1621,Liverpool
730,109,Mouse,Electronics,921.69,4,2023-10-04 06:31:00,1285,Sheffield
731,101,Keyboard,Accessories,275.31,6,2023-05-10 08:21:00,1522,Sheffield
732,108,Monitor,Accessories,1759.26,5,2023-07-04 00:51:00,1555,Bristol
733,109,Laptop,Electronics,565.88,2,2023-10-26 08:30:00,1274,Liverpool
734,107,Headphones,Accessories,666.23,4,2023-10-08 19:46:00,1026,Birmingham
735,105,Laptop,Electronics,994.17,8,2023-07-19 13:54:00,1366,Sheffield
736,105,Tablet,Electronics,753.08,3,2023-10-29 02:19:00,1281,Liverpool
737,102,Mouse,Electronics,550.94,3,2023-11-17 07:22:00,1797,Oxford
738,101,Keyboard,Accessories,766.51,8,2023-10-19 19:43:00,1897,London
739,106,Smartphone,Accessories,1810.94,6,2023-07-26 12:54:00,1773,Oxford
740,108,Mouse,Electronics,1089.6,7,2023-09-23 08:22:00,1652,Liverpool
741,109,Mouse,Appliances,929.96,3,2023-09-03 17:53:00,1185,Manchester
742,101,Laptop,Appliances,264.8,4,2023-12-05 02:14:00,1209,Sheffield
743,102,Printer,Accessories,655.73,5,2023-08-29 21:00:00,1292,Nottingham
744,106,Printer,Appliances,809.39,4,2023-02-03 13:19:00,1719,Oxford
745,103,Headphones,Accessories,229.76,2,2023-08-12 21:41:00,1540,Birmingham
746,101,Tablet,Appliances,1338.86,3,2023-02-26 21:19:00,1501,Oxford
747,104,Keyboard,Appliances,1822.34,4,2023-11-18 05:03:00,1378,Nottingham
748,102,Headphones,Accessories,676.31,5,2023-06-02 11:07:00,1725,Sheffield
749,107,Tablet,Appliances,1667.35,5,2023-11-22 05:36:00,1219,Sheffield
750,105,Monitor,Electronics,541.08,2,2023-12-30 22:01:00,1340,Leeds
751,106,Printer,Electronics,964.84,5,2023-02-06 16:47:00,1322,London
752,109,Printer,Appliances,1121.28,8,2023-08-25 12:11:00,1290,Liverpool
753,101,Headphones,Accessories,1150.62,6,2023-06-22 09:41:00,1211,Manchester
754,108,Printer,Accessories,525.25,5,2023-12-15 04:13:00,1470,Manchester
755,105,Smartphone,Electronics,1235.77,3,2023-05-05 19:26:00,1329,Nottingham
756,105,Camera,Appliances,1589.97,6,2023-07-27 11:53:00,1473,Manchester
757,101,Camera,Electronics,949.87,3,2023-03-04 21:56:00,1976,Oxford
758,105,Camera,Electronics,1069.23,5,2023-06-25 06:26:00,1465,Sheffield
759,103,Smartphone,Appliances,659.76,9,2023-02-25 23:28:00,1631,Liverpool
760,108,Tablet,Appliances,1071.09,7,2023-06-27 10:33:00,1858,Oxford
761,108,Laptop,Electronics,355.78,6,2023-12-02 22:42:00,1020,Manchester
762,109,Smartphone,Appliances,656.06,2,2023-11-22 16:15:00,1403,Leicester
763,107,Keyboard,Electronics,436.81,4,2023-11-25 07:12:00,1197,Manchester
764,108,Keyboard,Accessories,1170.79,4,2023-12-20 17:50:00,1231,Leeds
765,102,Tablet,Accessories,176.7,6,2023-03-24 21:17:00,1136,Birmingham
766,105,Laptop,Appliances,1931.98,4,2023-03-07 12:50:00,1958,London
767,105,Tablet,Appliances,1579.25,3,2023-01-21 16:46:00,1540,Manchester
768,104,Monitor,Accessories,398.52,4,2023-04-22 14:54:00,1817,Bristol
769,108,Tablet,Accessories,1320.75,1,2023-01-07 06:34:00,1438,Manchester
770,103,Tablet,Appliances,73.67,3,2023-08-25 20:42:00,1077,Nottingham
771,106,Tablet,Accessories,372.67,6,2023-07-29 00:02:00,1150,Liverpool
772,105,Tablet,Accessories,523.66,6,2023-12-01 07:14:00,1657,London
773,106,Laptop,Electronics,910.23,2,2023-07-03 14:45:00,1833,Manchester
774,107,Keyboard,Accessories,1452.78,4,2023-09-12 16:47:00,1325,Birmingham
775,104,Mouse,Accessories,193.04,5,2023-09-17 19:30:00,1465,Nottingham
776,104,Monitor,Electronics,1423.19,6,2023-10-01 04:07:00,1992,London
777,102,Camera,Appliances,551.64,4,2023-06-14 23:16:00,1935,Sheffield
778,105,Mouse,Accessories,716.7,5,2023-04-09 05:49:00,1643,Oxford
779,104,Laptop,Appliances,1548.56,6,2023-05-04 12:09:00,1871,Birmingham
780,109,Laptop,Accessories,806.73,5,2023-04-03 23:37:00,1040,Oxford
781,108,Monitor,Appliances,39.22,6,2023-06-15 17:02:00,1146,Liverpool
782,103,Smartphone,Appliances,1419.15,5,2023-02-02 07:27:00,1868,Leicester
783,102,Keyboard,Accessories,972.51,6,2023-12-16 21:50:00,1737,Sheffield
784,106,Headphones,Electronics,1573.62,4,2023-11-06 00:16:00,1914,London
785,109,Mouse,Electronics,1391.03,7,2023-07-13 00:55:00,1375,Sheffield
786,109,Laptop,Accessories,826.81,5,2023-10-14 04:17:00,1950,Nottingham
787,105,Headphones,Accessories,719.56,2,2023-02-06 15:01:00,1863,London
788,109,Keyboard,Electronics,1776.64,5,2023-05-25 15:40:00,1988,Liverpool
789,104,Printer,Appliances,616.12,7,2023-10-12 23:44:00,1301,Nottingham
790,109,Keyboard,Electronics,420.97,7,2023-01-25 19:30:00,1216,Bristol
791,108,Laptop,Electronics,544.86,7,2023-03-11 07:23:00,1179,Bristol
792,107,Smartphone,Electronics,1638.94,4,2023-09-18 02:39:00,1842,Nottingham
793,108,Printer,Electronics,1225.77,5,2023-12-15 03:05:00,1353,Sheffield
794,101,Mouse,Electronics,449.06,4,2023-02-09 21:47:00,1414,Manchester
795,108,Printer,Electronics,1155.85,5,2023-07-11 19:18:00,1084,Liverpool
796,109,Laptop,Appliances,2011.86,2,2023-09-19 22:20:00,1046,Sheffield
797,101,Monitor,Appliances,1472.33,4,2023-06-10 01:27:00,1288,London
798,107,Keyboard,Appliances,1937.46,7,2023-05-07 11:03:00,1253,Manchester
799,104,Camera,Electronics,1672.25,4,2023-02-19 06:48:00,1078,Leicester
800,109,Camera,Accessories,660.33,6,2023-03-20 10:23:00,1974,Bristol
801,108,Printer,Accessories,1970.11,2,2023-06-15 14:57:00,1857,Leeds
802,109,Tablet,Accessories,1512.39,4,2023-05-11 09:43:00,1915,Liverpool
803,108,Monitor,Appliances,804.76,5,2023-03-29 02:13:00,1333,Sheffield
804,108,Keyboard,Appliances,320.37,6,2023-07-03 20:53:00,1634,Bristol
805,103,Smartphone,Accessories,1161.0,10,2023-04-10 02:52:00,1112,London
806,101,Monitor,Appliances,1894.92,4,2023-04-16 02:35:00,1982,Oxford
807,105,Keyboard,Accessories,936.14,9,2023-11-13 22:11:00,1203,Liverpool
808,103,Smartphone,Accessories,1479.54,6,2023-02-20 14:58:00,1691,Sheffield
809,104,Tablet,Electronics,336.4,5,2023-01-10 01:36:00,1627,Nottingham
810,107,Keyboard,Appliances,804.83,4,2023-07-21 10:52:00,1889,Nottingham
811,107,Laptop,Accessories,38.09,6,2023-10-26 01:12:00,1228,Sheffield
812,102,Camera,Appliances,445.21,6,2023-01-30 23:18:00,1312,Manchester
813,105,Keyboard,Electronics,453.36,3,2023-01-29 15:24:00,1939,Birmingham
814,108,Smartphone,Electronics,175.93,6,2023-03-01 21:01:00,1537,Sheffield
815,104,Smartphone,Electronics,1920.22,3,2023-04-29 09:06:00,1824,Liverpool
816,109,Keyboard,Appliances,687.36,4,2023-02-15 23:20:00,1192,Birmingham
817,104,Keyboard,Appliances,508.65,3,2023-08-02 00:20:00,1465,Leicester
818,104,Tablet,Accessories,1412.62,7,2023-05-29 19:56:00,1820,London
819,106,Tablet,Appliances,639.69,2,2023-06-21 15:56:00,1600,Oxford
820,105,Headphones,Electronics,1077.0,5,2023-11-03 20:48:00,1731,Nottingham
821,101,Tablet,Accessories,1190.23,5,2023-10-05 21:52:00,1588,Leicester
822,101,Laptop,Appliances,900.61,3,2023-03-31 02:42:00,1461,London
823,106,Monitor,Appliances,908.36,1,2023-10-02 12:09:00,1886,Sheffield
824,102,Smartphone,Electronics,193.78,9,2023-05-02 15:49:00,1599,Leicester
825,106,Smartphone,Appliances,755.24,3,2023-12-14 16:44:00,1105,London
826,102,Camera,Appliances,1586.5,5,2023-07-16 16:53:00,1650,Leeds
827,109,Camera,Electronics,298.9,9,2023-11-20 02:15:00,1777,Manchester
828,104,Smartphone,Appliances,1562.22,5,2023-09-27 21:02:00,1056,Manchester
829,104,Mouse,Appliances,846.89,1,2023-12-01 14:47:00,1665,Sheffield
830,101,Mouse,Electronics,630.82,2,2023-04-13 11:06:00,1466,Manchester
831,106,Monitor,Accessories,811.69,4,2023-03-09 14:51:00,1640,London
832,107,Headphones,Electronics,1348.33,4,2023-03-05 02:15:00,1663,Bristol
833,105,Keyboard,Accessories,1122.57,2,2023-07-20 10:26:00,1565,Sheffield
834,104,Laptop,Electronics,619.9,6,2023-03-22 09:54:00,1055,Oxford
835,101,Printer,Electronics,762.12,4,2023-10-04 02:08:00,1978,Leeds
836,107,Printer,Accessories,462.54,2,2023-02-04 17:37:00,1722,Sheffield
837,101,Mouse,Accessories,956.49,7,2023-10-30 16:12:00,1238,Leeds
838,108,Monitor,Electronics,26.75,5,2023-12-08 01:11:00,1643,Leicester
839,103,Printer,Appliances,386.66,2,2023-10-01 06:01:00,1998,Oxford
840,103,Printer,Electronics,2024.88,4,2023-10-27 15:39:00,1616,Oxford
841,102,Printer,Electronics,1102.59,7,2023-05-29 07:34:00,1816,London
842,102,Printer,Accessories,325.01,4,2023-04-02 00:14:00,1348,Oxford
843,105,Monitor,Accessories,1898.45,4,2023-05-23 09:35:00,1207,Bristol
844,102,Camera,Accessories,1252.01,6,2023-05-21 23:08:00,1768,Sheffield
845,109,Mouse,Accessories,1124.61,3,2023-02-26 21:58:00,1943,London
846,104,Keyboard,Electronics,1146.26,1,2023-04-22 04:53:00,1512,Liverpool
847,101,Mouse,Electronics,925.16,4,2023-11-27 04:48:00,1909,Oxford
848,101,Printer,Accessories,745.78,5,2023-07-27 15:43:00,1519,Liverpool
849,101,Monitor,Accessories,1101.92,7,2023-03-07 09:56:00,1889,Leicester
850,102,Smartphone,Accessories,1240.51,6,2023-11-07 03:39:00,1753,Manchester
851,108,Tablet,Accessories,138.9,6,2023-06-02 17:08:00,1146,Bristol
852,104,Tablet,Accessories,1203.43,4,2023-01-15 04:51:00,1824,Manchester
853,107,Keyboard,Appliances,249.11,2,2023-10-20 13:07:00,1508,Birmingham
854,109,Headphones,Appliances,57.4,1,2023-03-29 03:06:00,1127,Sheffield
855,109,Mouse,Accessories,169.02,1,2023-02-20 15:24:00,1143,Leicester
856,109,Mouse,Accessories,1917.39,5,2023-01-04 22:02:00,1095,Bristol
857,103,Smartphone,Electronics,1506.0,3,2023-02-16 19:31:00,1912,Birmingham
858,104,Mouse,Electronics,1025.71,6,2023-08-09 10:09:00,1309,Oxford
859,108,Headphones,Appliances,255.99,1,2023-11-21 18:42:00,1002,Birmingham
860,105,Tablet,Appliances,1513.17,10,2023-02-17 07:41:00,1275,Birmingham
861,106,Tablet,Appliances,1288.24,6,2023-12-05 22:15:00,1204,Leicester
862,106,Camera,Accessories,759.88,7,2023-06-27 10:07:00,1274,Nottingham
863,106,Printer,Electronics,1891.59,7,2023-11-22 17:49:00,1141,Leeds
864,102,Keyboard,Appliances,159.91,3,2023-03-27 05:33:00,1263,Leeds
865,101,Keyboard,Appliances,35.14,6,2023-06-13 08:04:00,1245,London
866,107,Keyboard,Electronics,2022.51,1,2023-07-17 08:33:00,1829,Sheffield
867,109,Monitor,Accessories,232.23,8,2023-04-14 13:15:00,1087,Leicester
868,109,Printer,Accessories,1352.29,7,2023-01-24 03:03:00,1824,Sheffield
869,106,Smartphone,Accessories,1676.48,3,2023-03-28 15:14:00,1291,Manchester
870,101,Printer,Appliances,817.25,7,2023-04-29 04:06:00,1970,London
871,104,Tablet,Appliances,764.28,1,2023-04-11 02:35:00,1328,Oxford
872,105,Printer,Electronics,353.93,2,2023-12-04 18:14:00,1923,Birmingham
873,109,Headphones,Appliances,1741.81,3,2023-11-23 22:26:00,1620,Leeds
874,104,Monitor,Accessories,752.19,7,2023-11-21 10:01:00,1364,Manchester
875,109,Mouse,Accessories,1924.63,4,2023-04-06 15:04:00,1510,Leicester
876,101,Keyboard,Electronics,1422.08,6,2023-12-30 21:17:00,1442,Nottingham
877,101,Mouse,Accessories,1629.47,1,2023-12-19 02:09:00,1256,Oxford
878,108,Camera,Appliances,1904.27,4,2023-06-11 20:46:00,1850,Nottingham
879,107,Monitor,Accessories,970.49,4,2023-07-11 18:19:00,1446,Liverpool
880,101,Keyboard,Accessories,985.02,2,2023-01-03 04:31:00,1848,Sheffield
881,108,Smartphone,Appliances,702.65,3,2023-05-24 04:23:00,1777,Leicester
882,101,Keyboard,Appliances,1985.71,1,2023-07-30 07:07:00,1427,Oxford
883,107,Printer,Accessories,1233.15,2,2023-10-16 12:30:00,1521,Sheffield
884,102,Tablet,Electronics,1411.64,6,2023-12-16 16:50:00,1055,Leeds
885,106,Headphones,Appliances,634.61,3,2023-10-28 10:35:00,1441,Oxford
886,109,Mouse,Appliances,932.5,5,2023-07-21 17:36:00,1465,Sheffield
887,109,Printer,Appliances,1834.83,8,2023-02-11 04:41:00,1838,Leicester
888,105,Monitor,Accessories,282.08,5,2023-01-18 13:04:00,1479,Leicester
889,104,Laptop,Electronics,1482.21,4,2023-05-11 11:27:00,1411,Liverpool
890,103,Smartphone,Electronics,1741.7,2,2023-01-20 09:33:00,1868,Leeds
891,108,Laptop,Appliances,1452.13,7,2023-01-05 13:09:00,1148,Oxford
892,108,Mouse,Accessories,211.19,6,2023-02-12 14:53:00,1924,London
893,103,Mouse,Electronics,1891.56,4,2023-11-08 05:34:00,1088,London
894,109,Mouse,Accessories,546.18,1,2023-02-17 19:22:00,1256,Sheffield
895,103,Headphones,Appliances,1733.43,4,2023-05-04 14:25:00,1985,Sheffield
896,107,Laptop,Appliances,1005.89,1,2023-08-29 01:10:00,1691,Oxford
897,105,Printer,Electronics,1964.24,5,2023-08-08 15:54:00,1243,Sheffield
898,106,Headphones,Electronics,1907.73,5,2023-09-17 01:33:00,1072,Oxford
899,107,Printer,Appliances,248.48,4,2023-02-03 02:20:00,1542,Leicester
900,109,Mouse,Accessories,1279.59,4,2023-04-19 21:29:00,1831,Sheffield
901,101,Mouse,Accessories,1231.38,10,2023-04-19 09:44:00,1981,Oxford
902,105,Printer,Appliances,782.26,1,2023-11-25 02:49:00,1458,Bristol
903,102,Monitor,Accessories,1622.72,7,2023-07-11 15:16:00,1639,Oxford
904,102,Keyboard,Accessories,685.4,3,2023-01-01 21:19:00,1916,London
905,101,Headphones,Electronics,2016.92,5,2023-06-29 05:11:00,1267,Liverpool
906,109,Keyboard,Accessories,1933.62,7,2023-05-11 22:40:00,1745,Birmingham
907,104,Keyboard,Electronics,333.45,7,2023-05-20 06:24:00,1843,Leeds
908,104,Keyboard,Accessories,539.53,2,2023-04-24 22:57:00,1292,Oxford
909,106,Mouse,Electronics,1041.75,3,2023-10-02 00:12:00,1087,Nottingham
910,109,Laptop,Appliances,1691.45,4,2023-03-31 15:41:00,1213,Oxford
911,103,Tablet,Electronics,1294.88,5,2023-06-07 15:20:00,1557,Liverpool
912,104,Monitor,Accessories,461.67,3,2023-12-23 09:12:00,1821,Sheffield
913,105,Laptop,Appliances,990.1,4,2023-09-02 16:37:00,1548,London
914,109,Monitor,Appliances,45.18,1,2023-06-04 01:40:00,1121,London
915,105,Mouse,Electronics,1835.31,5,2023-09-07 23:47:00,1679,Bristol
916,102,Headphones,Appliances,336.78,6,2023-03-05 09:30:00,1637,Oxford
917,103,Camera,Electronics,596.24,4,2023-02-02 05:48:00,1978,Bristol
918,102,Mouse,Accessories,383.91,2,2023-12-10 16:06:00,1202,London
919,105,Laptop,Electronics,1706.59,7,2023-02-04 11:26:00,1122,Oxford
920,107,Smartphone,Accessories,1343.86,3,2023-01-23 10:08:00,1765,Liverpool
921,104,Camera,Electronics,1180.01,1,2023-12-03 22:01:00,1971,London
922,103,Keyboard,Accessories,1651.33,4,2023-08-08 11:15:00,1831,Nottingham
923,104,Keyboard,Appliances,870.79,3,2023-10-31 04:52:00,1585,Oxford
924,105,Keyboard,Appliances,1309.64,5,2023-06-16 18:23:00,1066,Liverpool
925,106,Laptop,Appliances,1639.12,4,2023-08-07 09:20:00,1852,Leicester
926,105,Printer,Accessories,534.87,8,2023-07-07 15:22:00,1226,Bristol
927,101,Smartphone,Accessories,1261.08,2,2023-02-18 05:54:00,1880,Leicester
928,106,Keyboard,Appliances,103.44,4,2023-06-18 05:04:00,1306,Bristol
929,109,Keyboard,Electronics,1373.13,2,2023-03-21 10:54:00,1563,Oxford
930,102,Keyboard,Appliances,298.84,2,2023-02-07 20:51:00,1598,London
931,108,Tablet,Appliances,1812.92,3,2023-03-30 14:25:00,1096,Liverpool
932,104,Monitor,Accessories,1815.44,6,2023-08-12 09:34:00,1964,London
933,101,Keyboard,Electronics,583.53,6,2023-04-24 05:57:00,1684,Sheffield
934,104,Keyboard,Accessories,1975.85,2,2023-03-27 04:17:00,1840,Birmingham
935,103,Mouse,Electronics,677.38,5,2023-11-23 18:37:00,1753,Nottingham
936,105,Laptop,Electronics,1682.72,5,2023-03-13 07:59:00,1814,Bristol
937,105,Printer,Electronics,1044.79,6,2023-09-03 21:11:00,1472,London
938,106,Keyboard,Electronics,142.49,6,2023-12-11 11:36:00,1485,Leeds
939,108,Keyboard,Appliances,1696.6,4,2023-11-09 11:31:00,1420,Leicester
940,108,Laptop,Electronics,393.8,6,2023-03-01 09:41:00,1991,Sheffield
941,108,Keyboard,Accessories,1446.86,4,2023-07-10 08:03:00,1591,Leeds
942,104,Keyboard,Appliances,1195.06,4,2023-08-19 05:30:00,1660,Bristol
943,106,Printer,Appliances,21.69,8,2023-02-18 23:55:00,1516,Manchester
944,103,Printer,Accessories,2072.42,5,2023-04-26 01:59:00,1324,Sheffield
945,109,Camera,Appliances,1299.27,6,2023-12-03 22:57:00,1847,Bristol
946,109,Smartphone,Accessories,1631.94,5,2023-03-18 20:15:00,1911,Leeds
947,103,Laptop,Electronics,1226.6,6,2023-01-28 15:20:00,1376,Bristol
948,102,Mouse,Electronics,1359.18,2,2023-01-16 01:28:00,1038,Leeds
949,102,Camera,Electronics,101.36,6,2023-12-23 10:32:00,1316,Bristol
950,104,Mouse,Accessories,1386.52,5,2023-01-29 08:56:00,1756,Bristol
951,109,Camera,Appliances,1182.96,3,2023-07-13 11:16:00,1727,Liverpool
952,109,Laptop,Electronics,600.82,6,2023-08-25 01:25:00,1833,Oxford
953,108,Mouse,Accessories,1717.01,5,2023-03-14 01:01:00,1521,London
954,103,Laptop,Appliances,1847.78,8,2023-07-06 10:31:00,1739,Birmingham
955,108,Keyboard,Electronics,1146.78,1,2023-09-17 16:21:00,1329,Leicester
956,101,Printer,Appliances,311.69,4,2023-12-25 18:02:00,1626,Oxford
957,107,Headphones,Appliances,1754.88,3,2023-10-22 14:21:00,1338,Bristol
958,107,Smartphone,Accessories,1534.54,5,2023-03-28 14:20:00,1623,Liverpool
959,103,Keyboard,Accessories,312.25,5,2023-11-05 14:57:00,1879,Manchester
960,101,Camera,Appliances,284.67,3,2023-02-06 11:06:00,1106,Nottingham
961,106,Tablet,Electronics,392.96,1,2023-10-09 02:22:00,1601,Birmingham
962,108,Headphones,Appliances,1280.9,2,2023-12-05 14:44:00,1799,Manchester
963,104,Printer,Electronics,1167.2,3,2023-02-25 05:04:00,1163,Leicester
964,106,Printer,Electronics,1784.31,7,2023-09-30 06:17:00,1017,Bristol
965,106,Camera,Appliances,1073.01,5,2023-01-07 11:45:00,1440,Sheffield
966,107,Laptop,Electronics,1038.95,3,2023-07-29 07:46:00,1582,Birmingham
967,108,Camera,Accessories,924.28,2,2023-03-24 00:59:00,1662,Birmingham
968,103,Keyboard,Accessories,1707.86,6,2023-12-31 11:54:00,1514,Leeds
969,101,Headphones,Electronics,407.83,5,2023-06-14 17:42:00,1424,Oxford
970,102,Laptop,Accessories,619.35,6,2023-06-22 11:32:00,1376,Sheffield
971,102,Keyboard,Appliances,126.67,2,2023-08-18 08:52:00,1444,Manchester
972,106,Tablet,Appliances,767.84,4,2023-05-01 13:45:00,1861,Birmingham
973,102,Monitor,Accessories,382.33,2,2023-04-18 13:55:00,1165,Liverpool
974,101,Printer,Accessories,331.93,1,2023-09-22 09:09:00,1802,Oxford
975,102,Camera,Electronics,1411.42,6,2023-12-11 01:35:00,1675,Leicester
976,103,Tablet,Accessories,632.66,5,2023-10-22 09:27:00,1233,Sheffield
977,102,Mouse,Appliances,460.69,2,2023-01-02 01:19:00,1456,Sheffield
978,102,Mouse,Accessories,1240.8,7,2023-03-02 20:48:00,1003,Leicester
979,103,Smartphone,Appliances,103.8,9,2024-01-01 08:43:00,1399,Manchester
980,101,Printer,Appliances,640.41,1,2023-11-10 06:55:00,1758,Birmingham
981,101,Laptop,Appliances,893.4,5,2023-01-12 06:42:00,1054,Sheffield
982,109,Camera,Appliances,1536.8,6,2023-07-19 11:43:00,1603,Nottingham
983,104,Smartphone,Electronics,840.7,6,2023-03-06 17:48:00,1838,Bristol
984,102,Tablet,Appliances,185.41,2,2023-08-13 05:36:00,1679,London
985,106,Headphones,Appliances,212.75,4,2023-10-23 06:26:00,1239,Oxford
986,101,Headphones,Electronics,1264.85,3,2023-09-15 03:12:00,1157,Oxford
987,102,Camera,Accessories,1823.94,3,2023-04-23 17:57:00,1682,Oxford
988,104,Camera,Electronics,1544.59,5,2023-02-14 05:59:00,1811,Liverpool
989,103,Tablet,Accessories,73.15,6,2023-12-21 03:00:00,1258,Oxford
990,109,Tablet,Electronics,1006.09,5,2023-10-14 06:32:00,1361,Bristol
991,103,Smartphone,Electronics,404.63,2,2023-02-28 08:57:00,1094,Leicester
992,109,Mouse,Accessories,1437.03,6,2023-05-03 13:53:00,1898,Birmingham
993,101,Headphones,Electronics,959.19,5,2023-03-23 11:05:00,1278,Nottingham
994,108,Mouse,Electronics,148.26,3,2023-07-01 11:29:00,1589,Leeds
995,106,Smartphone,Accessories,1672.12,1,2023-07-25 06:09:00,1491,Liverpool
996,104,Printer,Appliances,417.56,6,2023-04-17 00:47:00,1941,Manchester
997,102,Laptop,Accessories,1610.81,7,2023-07-22 08:27:00,1760,Leicester
998,106,Camera,Electronics,1529.0,5,2023-01-29 02:47:00,1448,Oxford
999,103,Keyboard,Appliances,103.21,3,2023-01-11 07:26:00,1501,Leicester
1000,101,Laptop,Accessories,248.35,4,2023-02-22 23:42:00,1135,Leeds
